{
  "best_global_step": null,
  "best_metric": null,
  "best_model_checkpoint": null,
  "epoch": 0.03755868544600939,
  "eval_steps": 500,
  "global_step": 20,
  "is_hyper_param_search": false,
  "is_local_process_zero": true,
  "is_world_process_zero": true,
  "log_history": [
    {
      "epoch": 0.009389671361502348,
      "grad_norm": 0.26845812797546387,
      "learning_rate": 0.00019924953095684804,
      "loss": 0.011643126606941223,
      "step": 5
    },
    {
      "epoch": 0.018779342723004695,
      "grad_norm": 0.9353379607200623,
      "learning_rate": 0.0001983114446529081,
      "loss": 0.025229158997535705,
      "step": 10
    },
    {
      "epoch": 0.028169014084507043,
      "grad_norm": 0.8629738688468933,
      "learning_rate": 0.0001973733583489681,
      "loss": 0.023977406322956085,
      "step": 15
    },
    {
      "epoch": 0.03755868544600939,
      "grad_norm": 0.8443220257759094,
      "learning_rate": 0.00019643527204502817,
      "loss": 0.01392529308795929,
      "step": 20
    }
  ],
  "logging_steps": 5,
  "max_steps": 1066,
  "num_input_tokens_seen": 0,
  "num_train_epochs": 2,
  "save_steps": 20,
  "stateful_callbacks": {
    "TrainerControl": {
      "args": {
        "should_epoch_stop": false,
        "should_evaluate": false,
        "should_log": false,
        "should_save": true,
        "should_training_stop": false
      },
      "attributes": {}
    }
  },
  "total_flos": 2321450448858432.0,
  "train_batch_size": 2,
  "trial_name": null,
  "trial_params": null
}
