{"loss": {"steps": [5, 10, 15, 20, 25, 30, 35, 40, 45, 50, 55, 60, 65, 70, 75, 80, 85, 90, 95, 100, 105, 110, 115, 120, 125, 130, 135, 140, 145, 150, 155, 160, 165, 170, 175, 180, 185, 190, 195, 200, 205, 210, 215, 220, 225, 230, 235, 240, 245, 250, 255, 260, 265, 270, 275, 280, 285, 290, 295, 300, 305, 310, 315, 320, 325, 330, 335, 340, 345, 350, 355, 360, 365, 370, 375, 380, 385, 390, 395, 400, 405, 410, 415, 420, 425, 430, 435, 440, 445, 450, 455, 460, 465, 470, 475, 480, 485, 490, 495, 500, 505, 510, 515, 520, 525, 530, 535, 540, 545, 550, 555, 560, 565, 570, 575, 580, 585, 590, 595, 600, 605, 610, 615, 620, 625, 630, 635, 640, 645, 650, 655, 660, 665, 670, 675, 680, 685, 690, 695, 700, 705, 710, 715, 720, 725, 730, 735, 740, 745, 750, 755, 760, 765, 770, 775, 780, 785, 790, 795, 800, 805, 810, 815, 820, 825, 830, 835, 840, 845, 850, 855, 860, 865, 870, 875, 880, 885, 890, 895, 900, 905, 910, 915, 920, 925, 930, 935, 940, 945, 950, 955, 960, 965, 970, 975, 980, 985, 990, 995, 1000, 1005, 1010, 1015, 1020, 1025], "values": [0.03340316116809845, 0.0415067046880722, 0.028276523947715758, 0.03194757103919983, 0.03264108896255493, 0.025143778324127196, 0.010471449792385101, 0.03340500891208649, 0.02476075440645218, 0.06766918897628785, 0.07488635182380676, 0.05429755449295044, 0.011968731880187988, 0.02425857037305832, 0.03564092218875885, 0.08285531401634216, 0.059761708974838255, 0.062058889865875246, 0.058079713582992555, 0.0604949414730072, 0.06628895998001098, 0.052691173553466794, 0.0654792070388794, 0.05628261566162109, 0.050594651699066163, 0.07651615738868714, 0.06289460659027099, 0.04877077043056488, 0.04860035181045532, 0.06895994544029235, 0.04539121389389038, 0.05078960061073303, 0.06918007135391235, 0.061010950803756715, 0.06118847727775574, 0.050911730527877806, 0.046062254905700685, 0.057514244318008424, 0.04758251905441284, 0.03815735578536987, 0.047524106502532956, 0.03780985474586487, 0.06589300632476806, 0.0419714629650116, 0.05509798526763916, 0.042874470353126526, 0.04562438130378723, 0.049407210946083066, 0.057310253381729126, 0.06333019137382508, 0.0233868271112442, 0.04580893814563751, 0.06552081108093262, 0.06150721907615662, 0.05370186567306519, 0.044368913769721983, 0.03444035649299622, 0.052959346771240236, 0.03432110846042633, 0.044236835837364194, 0.055343514680862425, 0.03582937717437744, 0.05735340118408203, 0.04588189125061035, 0.050349628925323485, 0.036233443021774295, 0.05322943925857544, 0.030023065209388734, 0.06129070520401001, 0.04385161995887756, 0.04234794974327087, 0.037520495057106015, 0.04391728937625885, 0.03307545781135559, 0.043901649117469785, 0.018644177913665773, 0.035407981276512145, 0.052089530229568484, 0.04592296183109283, 0.03811919689178467, 0.05188751220703125, 0.02856787443161011, 0.04182558059692383, 0.03861867189407349, 0.05255597233772278, 0.03605259954929352, 0.038198211789131166, 0.03050377368927002, 0.04679644405841828, 0.03682885468006134, 0.04438296258449555, 0.04504597187042236, 0.045019546151161195, 0.029863241314888, 0.027168458700180052, 0.032858625054359436, 0.04645529687404633, 0.047982001304626466, 0.024782398343086244, 0.026901885867118835, 0.025139790773391724, 0.028442513942718507, 0.0264329731464386, 0.04020188450813293, 0.0455190360546112, 0.05154918432235718, 0.03189606368541718, 0.03211231231689453, 0.03743276000022888, 0.0340953528881073, 0.021441197395324706, 0.0341217428445816, 0.02558547556400299, 0.03545226752758026, 0.03459569215774536, 0.02265925407409668, 0.03134843707084656, 0.03373380303382874, 0.03016802966594696, 0.01817653775215149, 0.06611374020576477, 0.02642015814781189, 0.0408567875623703, 0.04398466944694519, 0.025676196813583373, 0.0372009813785553, 0.032852458953857425, 0.05440183281898499, 0.018422478437423707, 0.026814153790473937, 0.037703880667686464, 0.024777714908123017, 0.03191768527030945, 0.02685483396053314, 0.014876051247119904, 0.027761092782020567, 0.02848535180091858, 0.010111163556575774, 0.018907564878463744, 0.06243707537651062, 0.03399330973625183, 0.03371763229370117, 0.026677751541137697, 0.031094890832901, 0.016980856657028198, 0.05275000929832459, 0.02763172686100006, 0.03092779517173767, 0.017231525480747224, 0.023038730025291443, 0.03223239481449127, 0.04780903458595276, 0.021070212125778198, 0.025725087523460387, 0.02595835328102112, 0.039664891362190244, 0.03409115672111511, 0.030914965271949767, 0.030643028020858765, 0.03262801766395569, 0.02157711237668991, 0.044314262270927426, 0.0207409605383873, 0.022801519930362703, 0.021042965352535248, 0.015470266342163086, 0.024192583560943604, 0.023281671106815338, 0.02439534366130829, 0.0259724497795105, 0.01730057895183563, 0.025870645046234132, 0.028008559346199037, 0.036058041453361514, 0.018290480971336363, 0.025209194421768187, 0.012755483388900757, 0.031549885869026184, 0.03701130151748657, 0.015203697979450226, 0.024025607109069824, 0.04370039701461792, 0.019050830602645875, 0.03419985175132752, 0.021352480351924896, 0.02515890300273895, 0.03458903133869171, 0.02864217758178711, 0.016363075375556944, 0.03056669533252716, 0.03340316116809845, 0.0415067046880722, 0.028276523947715758, 0.03194757103919983, 0.03264108896255493, 0.025143778324127196, 0.010471449792385101, 0.03340500891208649, 0.036444354057312014, 0.03691943883895874, 0.044579482078552245, 0.030715832114219667, 0.04115812778472901, 0.01607414484024048, 0.015806236863136293]}, "accuracy": {"steps": [0, 45, 50, 65, 85, 100, 150, 200, 250, 300, 350, 400, 450, 500, 550, 600, 650, 700, 750, 800, 850, 900, 950, 955, 975, 995, 1005, 1015], "values": [100.0, 100.0, 100.0, 100.0, 80.0, 100.0, 100.0, 100.0, 100.0, 100.0, 100.0, 100.0, 100.0, 100.0, 100.0, 100.0, 100.0, 100.0, 100.0, 100.0, 100.0, 100.0, 100.0, 100.0, 100.0, 100.0, 80.0, 100.0]}}